city,country,iso2,population,lat,lon,gni_ppp_year,gni_ppp,gni_usd_year,gni_usd,income_index
Chongqing,People's Republic of China,CN,32054159,29.55,106.506944444,2024,26920.0,2024,13660.0,1.0
Chongqing,People's Republic of China,CN,32054159,29.55,106.506944444,2024,26920.0,2024,13660.0,1.0
Delhi,India,IN,26495000,28.666666666,77.216666666,2024,11000.0,2024,2650.0,0.4086181277860327
Delhi,India,IN,26495000,28.666666666,77.216666666,2024,11000.0,2024,2650.0,0.4086181277860327
Delhi,India,IN,26495000,28.666666666,77.216666666,2024,11000.0,2024,2650.0,0.4086181277860327
Delhi,India,IN,26495000,28.666666666,77.216666666,2024,11000.0,2024,2650.0,0.4086181277860327
Shanghai,People's Republic of China,CN,24870895,31.232222222,121.469166666,2024,26920.0,2024,13660.0,1.0
Shanghai,People's Republic of China,CN,24870895,31.232222222,121.469166666,2024,26920.0,2024,13660.0,1.0
Shanghai,People's Republic of China,CN,24870895,31.232222222,121.469166666,2024,26920.0,2024,13660.0,1.0
Shanghai,People's Republic of China,CN,24870895,31.232222222,121.469166666,2024,26920.0,2024,13660.0,1.0
Shanghai,People's Republic of China,CN,24870895,31.232222222,121.469166666,2024,26920.0,2024,13660.0,1.0
Shanghai,People's Republic of China,CN,24870895,31.232222222,121.469166666,2024,26920.0,2024,13660.0,1.0
Shanghai,People's Republic of China,CN,24870895,31.232222222,121.469166666,2024,26920.0,2024,13660.0,1.0
Shanghai,People's Republic of China,CN,24870895,31.232222222,121.469166666,2024,26920.0,2024,13660.0,1.0
Greater Mexico City,Mexico,MX,21905000,19.432519444,-99.133158333,2024,24920.0,2024,12800.0,0.9257057949479941
Beijing,People's Republic of China,CN,21893095,39.90403,116.407526,2024,26920.0,2024,13660.0,1.0
Chengdu,People's Republic of China,CN,20937757,30.66,104.063333333,2024,26920.0,2024,13660.0,1.0
Chengdu,People's Republic of China,CN,20937757,30.66,104.063333333,2024,26920.0,2024,13660.0,1.0
Chengdu,People's Republic of China,CN,20937757,30.66,104.063333333,2024,26920.0,2024,13660.0,1.0
Chengdu,People's Republic of China,CN,20937757,30.66,104.063333333,2024,26920.0,2024,13660.0,1.0
Chengdu,People's Republic of China,CN,20937757,30.66,104.063333333,2024,26920.0,2024,13660.0,1.0
New York metropolitan area,United States,US,19940274,40.808611111,-74.020277777,2024,85980.0,2024,83660.0,3.1939078751857357
Guangzhou,People's Republic of China,CN,18676605,23.13,113.26,2024,26920.0,2024,13660.0,1.0
Guangzhou,People's Republic of China,CN,18676605,23.13,113.26,2024,26920.0,2024,13660.0,1.0
Guangzhou,People's Republic of China,CN,18676605,23.13,113.26,2024,26920.0,2024,13660.0,1.0
Guangzhou,People's Republic of China,CN,18676605,23.13,113.26,2024,26920.0,2024,13660.0,1.0
Guangzhou,People's Republic of China,CN,18676605,23.13,113.26,2024,26920.0,2024,13660.0,1.0
Shenzhen,People's Republic of China,CN,17494398,22.535,114.054,2024,26920.0,2024,13660.0,1.0
Shenzhen,People's Republic of China,CN,17494398,22.535,114.054,2024,26920.0,2024,13660.0,1.0
Shenzhen,People's Republic of China,CN,17494398,22.535,114.054,2024,26920.0,2024,13660.0,1.0
Shenzhen,People's Republic of China,CN,17494398,22.535,114.054,2024,26920.0,2024,13660.0,1.0
Shenzhen,People's Republic of China,CN,17494398,22.535,114.054,2024,26920.0,2024,13660.0,1.0
Shenzhen,People's Republic of China,CN,17494398,22.535,114.054,2024,26920.0,2024,13660.0,1.0
Shenzhen,People's Republic of China,CN,17494398,22.535,114.054,2024,26920.0,2024,13660.0,1.0
Dhaka,Bangladesh,BD,16800000,23.728888888,90.394444444,2024,10060.0,2024,2820.0,0.3736998514115899
Dhaka,Bangladesh,BD,16800000,23.728888888,90.394444444,2024,10060.0,2024,2820.0,0.3736998514115899
Dhaka,Bangladesh,BD,16800000,23.728888888,90.394444444,2024,10060.0,2024,2820.0,0.3736998514115899
Dhaka,Bangladesh,BD,16800000,23.728888888,90.394444444,2024,10060.0,2024,2820.0,0.3736998514115899
Dhaka,Bangladesh,BD,16800000,23.728888888,90.394444444,2024,10060.0,2024,2820.0,0.3736998514115899
Istanbul,Turkey,TR,15655924,41.01,28.960277777,2024,43410.0,2024,13150.0,1.612555720653789
Istanbul,Turkey,TR,15655924,41.01,28.960277777,2024,43410.0,2024,13150.0,1.612555720653789
Istanbul,Turkey,TR,15655924,41.01,28.960277777,2024,43410.0,2024,13150.0,1.612555720653789
Istanbul,Turkey,TR,15655924,41.01,28.960277777,2024,43410.0,2024,13150.0,1.612555720653789
Istanbul,Turkey,TR,15655924,41.01,28.960277777,2024,43410.0,2024,13150.0,1.612555720653789
Istanbul,Turkey,TR,15655924,41.01,28.960277777,2024,43410.0,2024,13150.0,1.612555720653789
Mumbai,India,IN,15414288,19.075833333,72.8775,2024,11000.0,2024,2650.0,0.4086181277860327
Mumbai,India,IN,15414288,19.075833333,72.8775,2024,11000.0,2024,2650.0,0.4086181277860327
Mumbai,India,IN,15414288,19.075833333,72.8775,2024,11000.0,2024,2650.0,0.4086181277860327
Mumbai,India,IN,15414288,19.075833333,72.8775,2024,11000.0,2024,2650.0,0.4086181277860327
Lagos,Nigeria,NG,15070000,6.45,3.4,2024,6210.0,2024,1250.0,0.23068350668647847
Lagos,Nigeria,NG,15070000,6.45,3.4,2024,6210.0,2024,1250.0,0.23068350668647847
Lagos,Nigeria,NG,15070000,6.45,3.4,2024,6210.0,2024,1250.0,0.23068350668647847
Lagos,Nigeria,NG,15070000,6.45,3.4,2024,6210.0,2024,1250.0,0.23068350668647847
Karachi,Pakistan,PK,14910352,24.86,67.01,2024,6140.0,2024,1430.0,0.22808320950965824
Karachi,Pakistan,PK,14910352,24.86,67.01,2024,6140.0,2024,1430.0,0.22808320950965824
Karachi,Pakistan,PK,14910352,24.86,67.01,2024,6140.0,2024,1430.0,0.22808320950965824
Karachi,Pakistan,PK,14910352,24.86,67.01,2024,6140.0,2024,1430.0,0.22808320950965824
Karachi,Pakistan,PK,14910352,24.86,67.01,2024,6140.0,2024,1430.0,0.22808320950965824
Kinshasa,Democratic Republic of the Congo,CD,14565700,-4.321944444,15.311944444,2024,1650.0,2024,640.0,0.0612927191679049
Tokyo,Japan,JP,14264798,35.689444444,139.691666666,2024,55120.0,2024,36030.0,2.0475482912332836
Tokyo,Japan,JP,14264798,35.689444444,139.691666666,2024,55120.0,2024,36030.0,2.0475482912332836
Tokyo,Japan,JP,14264798,35.689444444,139.691666666,2024,55120.0,2024,36030.0,2.0475482912332836
Tokyo,Japan,JP,14264798,35.689444444,139.691666666,2024,55120.0,2024,36030.0,2.0475482912332836
Tokyo,Japan,JP,14264798,35.689444444,139.691666666,2024,55120.0,2024,36030.0,2.0475482912332836
Tokyo,Japan,JP,14264798,35.689444444,139.691666666,2024,55120.0,2024,36030.0,2.0475482912332836
Tokyo,Japan,JP,14264798,35.689444444,139.691666666,2024,55120.0,2024,36030.0,2.0475482912332836
Tokyo,Japan,JP,14264798,35.689444444,139.691666666,2024,55120.0,2024,36030.0,2.0475482912332836
Metro Manila,Philippines,PH,14001751,14.583333333,121.0,2024,13330.0,2024,4470.0,0.49517087667161963
Greater Buenos Aires,Argentina,AR,13985794,-34.6083,-58.3719,2024,29570.0,2024,13440.0,1.098439821693908
Tianjin,People's Republic of China,CN,13866009,39.146666666,117.205555555,2024,26920.0,2024,13660.0,1.0
Tianjin,People's Republic of China,CN,13866009,39.146666666,117.205555555,2024,26920.0,2024,13660.0,1.0
Tianjin,People's Republic of China,CN,13866009,39.146666666,117.205555555,2024,26920.0,2024,13660.0,1.0
Tianjin,People's Republic of China,CN,13866009,39.146666666,117.205555555,2024,26920.0,2024,13660.0,1.0
Tianjin,People's Republic of China,CN,13866009,39.146666666,117.205555555,2024,26920.0,2024,13660.0,1.0
Tianjin,People's Republic of China,CN,13866009,39.146666666,117.205555555,2024,26920.0,2024,13660.0,1.0
Moscow,Russia,RU,13274285,55.750555555,37.6175,2024,46780.0,2024,15320.0,1.737741456166419
Moscow,Russia,RU,13274285,55.750555555,37.6175,2024,46780.0,2024,15320.0,1.737741456166419
Moscow,Russia,RU,13274285,55.750555555,37.6175,2024,46780.0,2024,15320.0,1.737741456166419
Moscow,Russia,RU,13274285,55.750555555,37.6175,2024,46780.0,2024,15320.0,1.737741456166419
Xi'an,People's Republic of China,CN,12952907,34.261111111,108.942222222,2024,26920.0,2024,13660.0,1.0
Xi'an,People's Republic of China,CN,12952907,34.261111111,108.942222222,2024,26920.0,2024,13660.0,1.0
Xi'an,People's Republic of China,CN,12952907,34.261111111,108.942222222,2024,26920.0,2024,13660.0,1.0
Xi'an,People's Republic of China,CN,12952907,34.261111111,108.942222222,2024,26920.0,2024,13660.0,1.0
Xi'an,People's Republic of China,CN,12952907,34.261111111,108.942222222,2024,26920.0,2024,13660.0,1.0
Xi'an,People's Republic of China,CN,12952907,34.261111111,108.942222222,2024,26920.0,2024,13660.0,1.0
Suzhou,People's Republic of China,CN,12748262,31.3,120.619444444,2024,26920.0,2024,13660.0,1.0
Suzhou,People's Republic of China,CN,12748262,31.3,120.619444444,2024,26920.0,2024,13660.0,1.0
Zhengzhou,People's Republic of China,CN,12600574,34.74919,113.66051,2024,26920.0,2024,13660.0,1.0
Zhengzhou,People's Republic of China,CN,12600574,34.74919,113.66051,2024,26920.0,2024,13660.0,1.0
Bengaluru,India,IN,12327000,12.9791198,77.5912997,2024,11000.0,2024,2650.0,0.4086181277860327
Bengaluru,India,IN,12327000,12.9791198,77.5912997,2024,11000.0,2024,2650.0,0.4086181277860327
Bengaluru,India,IN,12327000,12.9791198,77.5912997,2024,11000.0,2024,2650.0,0.4086181277860327
Bengaluru,India,IN,12327000,12.9791198,77.5912997,2024,11000.0,2024,2650.0,0.4086181277860327
Bengaluru,India,IN,12327000,12.9791198,77.5912997,2024,11000.0,2024,2650.0,0.4086181277860327
Bengaluru,India,IN,12327000,12.9791198,77.5912997,2024,11000.0,2024,2650.0,0.4086181277860327
Wuhan,People's Republic of China,CN,12326518,30.587222222,114.288055555,2024,26920.0,2024,13660.0,1.0
Wuhan,People's Republic of China,CN,12326518,30.587222222,114.288055555,2024,26920.0,2024,13660.0,1.0
Wuhan,People's Republic of China,CN,12326518,30.587222222,114.288055555,2024,26920.0,2024,13660.0,1.0
Hangzhou,People's Republic of China,CN,11936010,30.25,120.1675,2024,26920.0,2024,13660.0,1.0
Hangzhou,People's Republic of China,CN,11936010,30.25,120.1675,2024,26920.0,2024,13660.0,1.0
Hangzhou,People's Republic of China,CN,11936010,30.25,120.1675,2024,26920.0,2024,13660.0,1.0
Greater Rio de Janeiro,Brazil,BR,11900000,-22.9028,-43.2078,2024,21650.0,2024,9950.0,0.8042347696879644
Baoding,People's Republic of China,CN,11544036,38.86712,115.48452,2024,26920.0,2024,13660.0,1.0
Baoding,People's Republic of China,CN,11544036,38.86712,115.48452,2024,26920.0,2024,13660.0,1.0
São Paulo,Brazil,BR,11451999,-23.550394444,-46.633947222,2024,21650.0,2024,9950.0,0.8042347696879644
São Paulo,Brazil,BR,11451999,-23.550394444,-46.633947222,2024,21650.0,2024,9950.0,0.8042347696879644
São Paulo,Brazil,BR,11451999,-23.550394444,-46.633947222,2024,21650.0,2024,9950.0,0.8042347696879644
São Paulo,Brazil,BR,11451999,-23.550394444,-46.633947222,2024,21650.0,2024,9950.0,0.8042347696879644
Jakarta,Indonesia,ID,11135191,-6.175,106.8275,2024,16010.0,2024,4910.0,0.5947251114413076
Jakarta,Indonesia,ID,11135191,-6.175,106.8275,2024,16010.0,2024,4910.0,0.5947251114413076
Jakarta,Indonesia,ID,11135191,-6.175,106.8275,2024,16010.0,2024,4910.0,0.5947251114413076
Jakarta,Indonesia,ID,11135191,-6.175,106.8275,2024,16010.0,2024,4910.0,0.5947251114413076
Lahore,Pakistan,PK,11126285,31.549722222,74.343611111,2024,6140.0,2024,1430.0,0.22808320950965824
Lahore,Pakistan,PK,11126285,31.549722222,74.343611111,2024,6140.0,2024,1430.0,0.22808320950965824
Lahore,Pakistan,PK,11126285,31.549722222,74.343611111,2024,6140.0,2024,1430.0,0.22808320950965824
Linyi,People's Republic of China,CN,11018365,35.10408,118.35019,2024,26920.0,2024,13660.0,1.0
Shijiazhuang,People's Republic of China,CN,10640458,38.0425,114.51,2024,26920.0,2024,13660.0,1.0
Shijiazhuang,People's Republic of China,CN,10640458,38.0425,114.51,2024,26920.0,2024,13660.0,1.0
Dongguan,People's Republic of China,CN,10466625,23.04749,113.74928,2024,26920.0,2024,13660.0,1.0
Dongguan,People's Republic of China,CN,10466625,23.04749,113.74928,2024,26920.0,2024,13660.0,1.0
Zhengzhou,People's Republic of China,CN,10136000,34.74919,113.66051,2024,26920.0,2024,13660.0,1.0
Zhengzhou,People's Republic of China,CN,10136000,34.74919,113.66051,2024,26920.0,2024,13660.0,1.0
Qingdao,People's Republic of China,CN,10071722,36.116666666,120.4,2024,26920.0,2024,13660.0,1.0
Qingdao,People's Republic of China,CN,10071722,36.116666666,120.4,2024,26920.0,2024,13660.0,1.0
Qingdao,People's Republic of China,CN,10071722,36.116666666,120.4,2024,26920.0,2024,13660.0,1.0
Qingdao,People's Republic of China,CN,10071722,36.116666666,120.4,2024,26920.0,2024,13660.0,1.0
Changsha,People's Republic of China,CN,10047914,28.19874,112.97087,2024,26920.0,2024,13660.0,1.0
Changsha,People's Republic of China,CN,10047914,28.19874,112.97087,2024,26920.0,2024,13660.0,1.0
Harbin,People's Republic of China,CN,10009854,45.75,126.633333333,2024,26920.0,2024,13660.0,1.0
Harbin,People's Republic of China,CN,10009854,45.75,126.633333333,2024,26920.0,2024,13660.0,1.0
Lima,Peru,PE,9943800,-12.06,-77.0375,2024,16770.0,2024,7490.0,0.6229569093610698
Lima,Peru,PE,9943800,-12.06,-77.0375,2024,16770.0,2024,7490.0,0.6229569093610698
Lima,Peru,PE,9943800,-12.06,-77.0375,2024,16770.0,2024,7490.0,0.6229569093610698
Lima,Peru,PE,9943800,-12.06,-77.0375,2024,16770.0,2024,7490.0,0.6229569093610698
Ho Chi Minh City,Vietnam,VN,9816000,10.775555555,106.701944444,2024,15850.0,2024,4490.0,0.5887815750371471
Ho Chi Minh City,Vietnam,VN,9816000,10.775555555,106.701944444,2024,15850.0,2024,4490.0,0.5887815750371471
Ho Chi Minh City,Vietnam,VN,9816000,10.775555555,106.701944444,2024,15850.0,2024,4490.0,0.5887815750371471
Ho Chi Minh City,Vietnam,VN,9816000,10.775555555,106.701944444,2024,15850.0,2024,4490.0,0.5887815750371471
Ho Chi Minh City,Vietnam,VN,9816000,10.775555555,106.701944444,2024,15850.0,2024,4490.0,0.5887815750371471
Nanyang,People's Republic of China,CN,9713112,32.99871,112.52921,2024,26920.0,2024,13660.0,1.0
Nanyang,People's Republic of China,CN,9713112,32.99871,112.52921,2024,26920.0,2024,13660.0,1.0
Seoul,South Korea,KR,9668465,37.56,126.99,2023,53180.0,2023,35490.0,1.9754829123328381
Tokyo,Japan,JP,9640742,35.683889,139.774444,2024,55120.0,2024,36030.0,2.0475482912332836
Tokyo,Japan,JP,9640742,35.683889,139.774444,2024,55120.0,2024,36030.0,2.0475482912332836
Cairo,Egypt,EG,9606916,30.044444444,31.235833333,2024,18230.0,2024,3510.0,0.6771916790490342
Cairo,Egypt,EG,9606916,30.044444444,31.235833333,2024,18230.0,2024,3510.0,0.6771916790490342
Cairo,Egypt,EG,9606916,30.044444444,31.235833333,2024,18230.0,2024,3510.0,0.6771916790490342
Cairo,Egypt,EG,9606916,30.044444444,31.235833333,2024,18230.0,2024,3510.0,0.6771916790490342
Cairo,Egypt,EG,9606916,30.044444444,31.235833333,2024,18230.0,2024,3510.0,0.6771916790490342
Cairo,Egypt,EG,9606916,30.044444444,31.235833333,2024,18230.0,2024,3510.0,0.6771916790490342
Wenzhou,People's Republic of China,CN,9572903,27.999128,120.656075,2024,26920.0,2024,13660.0,1.0
Wenzhou,People's Republic of China,CN,9572903,27.999128,120.656075,2024,26920.0,2024,13660.0,1.0
Foshan,People's Republic of China,CN,9498863,23.029167,113.105556,2024,26920.0,2024,13660.0,1.0
Foshan,People's Republic of China,CN,9498863,23.029167,113.105556,2024,26920.0,2024,13660.0,1.0
Handan,People's Republic of China,CN,9413990,36.61161,114.48937,2024,26920.0,2024,13660.0,1.0
Handan,People's Republic of China,CN,9413990,36.61161,114.48937,2024,26920.0,2024,13660.0,1.0
Ningbo,People's Republic of China,CN,9404283,29.875,121.549166666,2024,26920.0,2024,13660.0,1.0
Ningbo,People's Republic of China,CN,9404283,29.875,121.549166666,2024,26920.0,2024,13660.0,1.0
Ningbo,People's Republic of China,CN,9404283,29.875,121.549166666,2024,26920.0,2024,13660.0,1.0
Ningbo,People's Republic of China,CN,9404283,29.875,121.549166666,2024,26920.0,2024,13660.0,1.0
Ningbo,People's Republic of China,CN,9404283,29.875,121.549166666,2024,26920.0,2024,13660.0,1.0
Ningbo,People's Republic of China,CN,9404283,29.875,121.549166666,2024,26920.0,2024,13660.0,1.0
Weifang,People's Republic of China,CN,9386705,36.716666666,119.1,2024,26920.0,2024,13660.0,1.0
Weifang,People's Republic of China,CN,9386705,36.716666666,119.1,2024,26920.0,2024,13660.0,1.0
Hefei,People's Republic of China,CN,9369881,31.86389,117.28083,2024,26920.0,2024,13660.0,1.0
Hefei,People's Republic of China,CN,9369881,31.86389,117.28083,2024,26920.0,2024,13660.0,1.0
Nanjing,People's Republic of China,CN,9314685,32.060833333,118.778888888,2024,26920.0,2024,13660.0,1.0
Nanjing,People's Republic of China,CN,9314685,32.060833333,118.778888888,2024,26920.0,2024,13660.0,1.0
Nanjing,People's Republic of China,CN,9314685,32.060833333,118.778888888,2024,26920.0,2024,13660.0,1.0
Nanjing,People's Republic of China,CN,9314685,32.060833333,118.778888888,2024,26920.0,2024,13660.0,1.0
Nanjing,People's Republic of China,CN,9314685,32.060833333,118.778888888,2024,26920.0,2024,13660.0,1.0
Nanjing,People's Republic of China,CN,9314685,32.060833333,118.778888888,2024,26920.0,2024,13660.0,1.0
Hyderabad,India,IN,9305000,17.361666666,78.474722222,2024,11000.0,2024,2650.0,0.4086181277860327
Hyderabad,India,IN,9305000,17.361666666,78.474722222,2024,11000.0,2024,2650.0,0.4086181277860327
Hyderabad,India,IN,9305000,17.361666666,78.474722222,2024,11000.0,2024,2650.0,0.4086181277860327
Mexico City,Mexico,MX,9209944,19.353773,-99.13589,2024,24920.0,2024,12800.0,0.9257057949479941
Mexico City,Mexico,MX,9209944,19.353773,-99.13589,2024,24920.0,2024,12800.0,0.9257057949479941
Mexico City,Mexico,MX,9209944,19.353773,-99.13589,2024,24920.0,2024,12800.0,0.9257057949479941
Mexico City,Mexico,MX,9209944,19.353773,-99.13589,2024,24920.0,2024,12800.0,0.9257057949479941
Mexico City,Mexico,MX,9209944,19.353773,-99.13589,2024,24920.0,2024,12800.0,0.9257057949479941
Mexico City,Mexico,MX,9209944,19.353773,-99.13589,2024,24920.0,2024,12800.0,0.9257057949479941
Mexico City,Mexico,MX,9209944,19.353773,-99.13589,2024,24920.0,2024,12800.0,0.9257057949479941
Jinan,People's Republic of China,CN,9202432,36.666666666,116.983333333,2024,26920.0,2024,13660.0,1.0
Jinan,People's Republic of China,CN,9202432,36.666666666,116.983333333,2024,26920.0,2024,13660.0,1.0
Jinan,People's Republic of China,CN,9202432,36.666666666,116.983333333,2024,26920.0,2024,13660.0,1.0
Xuzhou,People's Republic of China,CN,9083790,34.26104,117.18587,2024,26920.0,2024,13660.0,1.0
Xuzhou,People's Republic of China,CN,9083790,34.26104,117.18587,2024,26920.0,2024,13660.0,1.0
Shenyang,People's Republic of China,CN,9070093,41.8025,123.428055555,2024,26920.0,2024,13660.0,1.0
Shenyang,People's Republic of China,CN,9070093,41.8025,123.428055555,2024,26920.0,2024,13660.0,1.0
Shenyang,People's Republic of China,CN,9070093,41.8025,123.428055555,2024,26920.0,2024,13660.0,1.0
Changchun,People's Republic of China,CN,9066906,43.88,125.322777777,2024,26920.0,2024,13660.0,1.0
Changchun,People's Republic of China,CN,9066906,43.9,125.2,2024,26920.0,2024,13660.0,1.0
Changchun,People's Republic of China,CN,9066906,43.88,125.322777777,2024,26920.0,2024,13660.0,1.0
Changchun,People's Republic of China,CN,9066906,43.9,125.2,2024,26920.0,2024,13660.0,1.0
Changchun,People's Republic of China,CN,9066906,43.88,125.322777777,2024,26920.0,2024,13660.0,1.0
Changchun,People's Republic of China,CN,9066906,43.9,125.2,2024,26920.0,2024,13660.0,1.0
Changchun,People's Republic of China,CN,9066906,43.88,125.322777777,2024,26920.0,2024,13660.0,1.0
Changchun,People's Republic of China,CN,9066906,43.9,125.2,2024,26920.0,2024,13660.0,1.0
Zhoukou,People's Republic of China,CN,9026015,33.62502,114.6418,2024,26920.0,2024,13660.0,1.0
Kuala Lumpur,Malaysia,MY,9000280,3.147777777,101.695277777,2024,37500.0,2024,11670.0,1.3930163447251114
Kuala Lumpur,Malaysia,MY,9000280,3.147777777,101.695277777,2024,37500.0,2024,11670.0,1.3930163447251114
Kuala Lumpur,Malaysia,MY,9000280,3.147777777,101.695277777,2024,37500.0,2024,11670.0,1.3930163447251114
Kuala Lumpur,Malaysia,MY,9000280,3.147777777,101.695277777,2024,37500.0,2024,11670.0,1.3930163447251114
Kuala Lumpur,Malaysia,MY,9000280,3.147777777,101.695277777,2024,37500.0,2024,11670.0,1.3930163447251114
Ganzhou,People's Republic of China,CN,8970014,25.829166666,114.933611111,2024,26920.0,2024,13660.0,1.0
Ganzhou,People's Republic of China,CN,8970014,25.829166666,114.933611111,2024,26920.0,2024,13660.0,1.0
New York City,United States,US,8804190,40.712777777,-74.006111111,2024,85980.0,2024,83660.0,3.1939078751857357
New York City,United States,US,8804190,40.712777777,-74.006111111,2024,85980.0,2024,83660.0,3.1939078751857357
London,United Kingdom,GB,8799728,51.507222222,-0.1275,2024,60090.0,2024,48610.0,2.2321693907875186
London,United Kingdom,GB,8799728,51.507222222,-0.1275,2024,60090.0,2024,48610.0,2.2321693907875186
London,United Kingdom,GB,8799728,51.507222222,-0.1275,2024,60090.0,2024,48610.0,2.2321693907875186
London,United Kingdom,GB,8799728,51.507222222,-0.1275,2024,60090.0,2024,48610.0,2.2321693907875186
London,United Kingdom,GB,8799728,51.507222222,-0.1275,2024,60090.0,2024,48610.0,2.2321693907875186
London,United Kingdom,GB,8799728,51.507222222,-0.1275,2024,60090.0,2024,48610.0,2.2321693907875186
London,United Kingdom,GB,8799728,51.507222222,-0.1275,2024,60090.0,2024,48610.0,2.2321693907875186
Heze,People's Republic of China,CN,8795939,35.233333333,115.433333333,2024,26920.0,2024,13660.0,1.0
Quanzhou,People's Republic of China,CN,8782285,24.91389,118.58583,2024,26920.0,2024,13660.0,1.0
Quanzhou,People's Republic of China,CN,8782285,24.91389,118.58583,2024,26920.0,2024,13660.0,1.0
Nanning,People's Republic of China,CN,8741584,22.81918,108.31501,2024,26920.0,2024,13660.0,1.0
Nanning,People's Republic of China,CN,8741584,22.81918,108.31501,2024,26920.0,2024,13660.0,1.0
Tehran,Iran,IR,8693706,35.688888888,51.389722222,2024,18420.0,2024,4660.0,0.6842496285289748
Tehran,Iran,IR,8693706,35.688888888,51.389722222,2024,18420.0,2024,4660.0,0.6842496285289748
Tehran,Iran,IR,8693706,35.688888888,51.389722222,2024,18420.0,2024,4660.0,0.6842496285289748
Kunming,People's Republic of China,CN,8460088,25.043333333,102.706111111,2024,26920.0,2024,13660.0,1.0
Kunming,People's Republic of China,CN,8460088,25.043333333,102.706111111,2024,26920.0,2024,13660.0,1.0
Hanoi,Vietnam,VN,8435650,21.0245,105.84117,2024,15850.0,2024,4490.0,0.5887815750371471
Hanoi,Vietnam,VN,8435650,21.0245,105.84117,2024,15850.0,2024,4490.0,0.5887815750371471
Jining,People's Republic of China,CN,8357897,35.4,116.566666666,2024,26920.0,2024,13660.0,1.0
Jining,People's Republic of China,CN,8357897,35.4,116.566666666,2024,26920.0,2024,13660.0,1.0
Fuzhou,People's Republic of China,CN,8291268,26.076944444,119.291666666,2024,26920.0,2024,13660.0,1.0
Fuzhou,People's Republic of China,CN,8291268,26.076944444,119.291666666,2024,26920.0,2024,13660.0,1.0
Fuzhou,People's Republic of China,CN,8291268,26.076944444,119.291666666,2024,26920.0,2024,13660.0,1.0
Heze,People's Republic of China,CN,8287693,35.233333333,115.433333333,2024,26920.0,2024,13660.0,1.0
Fuyang,People's Republic of China,CN,8200264,32.89856,115.80447,2024,26920.0,2024,13660.0,1.0
Fuyang,People's Republic of China,CN,8200264,32.89856,115.80447,2024,26920.0,2024,13660.0,1.0
Baghdad,Iraq,IQ,8126755,33.315277777,44.366111111,2024,14550.0,2024,6030.0,0.5404903417533432
Baghdad,Iraq,IQ,8126755,33.315277777,44.366111111,2024,14550.0,2024,6030.0,0.5404903417533432
Baghdad,Iraq,IQ,8126755,33.315277777,44.366111111,2024,14550.0,2024,6030.0,0.5404903417533432
Bogotá,Colombia,CO,8034649,4.60971,-74.08175,2024,21060.0,2024,7040.0,0.7823179791976226
Bogotá,Colombia,CO,8034649,4.60971,-74.08175,2024,21060.0,2024,7040.0,0.7823179791976226
Bogotá,Colombia,CO,8034649,4.60971,-74.08175,2024,21060.0,2024,7040.0,0.7823179791976226
Shangqiu,People's Republic of China,CN,7816831,34.42592,115.64673,2024,26920.0,2024,13660.0,1.0
Shangqiu,People's Republic of China,CN,7816831,34.42592,115.64673,2024,26920.0,2024,13660.0,1.0
Nantong,People's Republic of China,CN,7726635,31.98288,120.8873,2024,26920.0,2024,13660.0,1.0
Nantong,People's Republic of China,CN,7726635,31.98288,120.8873,2024,26920.0,2024,13660.0,1.0
Tangshan,People's Republic of China,CN,7717983,39.629444444,118.173888888,2024,26920.0,2024,13660.0,1.0
Tangshan,People's Republic of China,CN,7717983,39.629444444,118.173888888,2024,26920.0,2024,13660.0,1.0
Ahmedabad,India,IN,7645000,23.021944444,72.579722222,2024,11000.0,2024,2650.0,0.4086181277860327
Ahmedabad,India,IN,7645000,23.021944444,72.579722222,2024,11000.0,2024,2650.0,0.4086181277860327
Ningbo,People's Republic of China,CN,7639000,29.875,121.549166666,2024,26920.0,2024,13660.0,1.0
Ningbo,People's Republic of China,CN,7639000,29.875,121.549166666,2024,26920.0,2024,13660.0,1.0
Ningbo,People's Republic of China,CN,7639000,29.875,121.549166666,2024,26920.0,2024,13660.0,1.0
Ningbo,People's Republic of China,CN,7639000,29.875,121.549166666,2024,26920.0,2024,13660.0,1.0
Ningbo,People's Republic of China,CN,7639000,29.875,121.549166666,2024,26920.0,2024,13660.0,1.0
Ningbo,People's Republic of China,CN,7639000,29.875,121.549166666,2024,26920.0,2024,13660.0,1.0
Wuxi,People's Republic of China,CN,7462135,31.566667,120.283333,2024,26920.0,2024,13660.0,1.0
Wuxi,People's Republic of China,CN,7462135,31.566667,120.283333,2024,26920.0,2024,13660.0,1.0
Dalian,People's Republic of China,CN,7450785,38.9,121.6,2024,26920.0,2024,13660.0,1.0
Dalian,People's Republic of China,CN,7450785,38.9,121.6,2024,26920.0,2024,13660.0,1.0
Dalian,People's Republic of China,CN,7450785,38.9,121.6,2024,26920.0,2024,13660.0,1.0
Dalian,People's Republic of China,CN,7450785,38.9,121.6,2024,26920.0,2024,13660.0,1.0
Hong Kong,People's Republic of China,CN,7413070,22.278333333,114.158611111,2024,26920.0,2024,13660.0,1.0
Hong Kong,People's Republic of China,CN,7413070,22.278333333,114.158611111,2024,26920.0,2024,13660.0,1.0
Hong Kong,People's Republic of China,CN,7413070,22.278333333,114.158611111,2024,26920.0,2024,13660.0,1.0
Hong Kong,People's Republic of China,CN,7413070,22.278333333,114.158611111,2024,26920.0,2024,13660.0,1.0
Hong Kong,People's Republic of China,CN,7413070,22.278333333,114.158611111,2024,26920.0,2024,13660.0,1.0
Cangzhou,People's Republic of China,CN,7300783,38.30369,116.84519,2024,26920.0,2024,13660.0,1.0
Cangzhou,People's Republic of China,CN,7300783,38.30369,116.84519,2024,26920.0,2024,13660.0,1.0
Xingtai,People's Republic of China,CN,7111106,37.06594,114.47531,2024,26920.0,2024,13660.0,1.0
Yantai,People's Republic of China,CN,7102116,37.464444444,121.447777777,2024,26920.0,2024,13660.0,1.0
Yantai,People's Republic of China,CN,7102116,37.464444444,121.447777777,2024,26920.0,2024,13660.0,1.0
Luoyang,People's Republic of China,CN,7056699,34.65867,112.42447,2024,26920.0,2024,13660.0,1.0
Luoyang,People's Republic of China,CN,7056699,34.683611111,112.453611111,2024,26920.0,2024,13660.0,1.0
Luoyang,People's Republic of China,CN,7056699,34.65867,112.42447,2024,26920.0,2024,13660.0,1.0
Luoyang,People's Republic of China,CN,7056699,34.683611111,112.453611111,2024,26920.0,2024,13660.0,1.0
Jinhua,People's Republic of China,CN,7050683,29.10462,119.64937,2024,26920.0,2024,13660.0,1.0
Jinhua,People's Republic of China,CN,7050683,29.10462,119.64937,2024,26920.0,2024,13660.0,1.0
Riyadh,Saudi Arabia,SA,7009100,24.65,46.71,2024,71600.0,2024,35570.0,2.6597325408618127
Riyadh,Saudi Arabia,SA,7009100,24.65,46.71,2024,71600.0,2024,35570.0,2.6597325408618127
Riyadh,Saudi Arabia,SA,7009100,24.65,46.71,2024,71600.0,2024,35570.0,2.6597325408618127
Zhumadian,People's Republic of China,CN,7008427,32.97729,114.02528,2024,26920.0,2024,13660.0,1.0
Zhanjiang,People's Republic of China,CN,6981236,21.196667,110.403056,2024,26920.0,2024,13660.0,1.0
Zhanjiang,People's Republic of China,CN,6981236,21.196667,110.403056,2024,26920.0,2024,13660.0,1.0
Bijie,People's Republic of China,CN,6899636,27.30193,105.28627,2024,26920.0,2024,13660.0,1.0
Bijie,People's Republic of China,CN,6899636,27.30193,105.28627,2024,26920.0,2024,13660.0,1.0
Yangon,Myanmar,MM,6874000,16.795,96.16,2024,5920.0,2024,1220.0,0.2199108469539376
Yangon,Myanmar,MM,6874000,16.80528,96.15611,2024,5920.0,2024,1220.0,0.2199108469539376
Yangon,Myanmar,MM,6874000,16.795,96.16,2024,5920.0,2024,1220.0,0.2199108469539376
Yangon,Myanmar,MM,6874000,16.80528,96.15611,2024,5920.0,2024,1220.0,0.2199108469539376
Yangon,Myanmar,MM,6874000,16.795,96.16,2024,5920.0,2024,1220.0,0.2199108469539376
Yangon,Myanmar,MM,6874000,16.80528,96.15611,2024,5920.0,2024,1220.0,0.2199108469539376
Yangon,Myanmar,MM,6874000,16.795,96.16,2024,5920.0,2024,1220.0,0.2199108469539376
Yangon,Myanmar,MM,6874000,16.80528,96.15611,2024,5920.0,2024,1220.0,0.2199108469539376
Yancheng,People's Republic of China,CN,6709629,33.35,120.156944444,2024,26920.0,2024,13660.0,1.0
Yancheng,People's Republic of China,CN,6709629,33.35,120.156944444,2024,26920.0,2024,13660.0,1.0
Hengyang,People's Republic of China,CN,6645243,26.89676,112.58568,2024,26920.0,2024,13660.0,1.0
Hengyang,People's Republic of China,CN,6645243,26.89676,112.58568,2024,26920.0,2024,13660.0,1.0
Taizhou,People's Republic of China,CN,6622888,28.6583,121.42213,2024,26920.0,2024,13660.0,1.0
Taizhou,People's Republic of China,CN,6622888,28.6583,121.42213,2024,26920.0,2024,13660.0,1.0
Zunyi,People's Republic of China,CN,6606675,27.70498,106.93363,2024,26920.0,2024,13660.0,1.0
